create database DMAProject;
use DMAProject;

Create table RawMaterialSupplier (
	SupplierID int primary key,
    Name varchar(200),
    Product varchar(200),
    Cost decimal(10, 2)
);

INSERT INTO `RawMaterialSupplier` (`SupplierID`, `Name`, `Product`, `Cost`) VALUES 
(111, 'NC Suppliers', 'Sand', '45.90'),
(204, 'RBM', 'Boulders', '41.90'),
(213, 'Kevin Enterprices', 'Boulders', '38.90'),
(245, 'Josuhva Solutions', 'Aggreate', '12.20'),
(324, 'Hay Aggreate', 'Aggreate', '45.20'),
(389, 'HaPa Solutions', 'Aggreate', '52.20'),
(452, 'Chirs Tech', 'Aggreate', '50.20'),
(652, 'HSPC', 'Aggreate', '47.20'),
(666, 'Rayan Enterprices', 'Sand', '45.70'),
(878, 'Amber Tech', 'Boulders', '45.90'),
(903, 'Ebi & Co', 'Rock blocks', '53.60'),
(923, 'RaNa Enterprices', 'Sand', '38.70'),
(934, 'Optimum Tech', 'Aggreate', '70.20');


Create table Employee (
	EmployeeID int primary key,
    Name varchar (200),
    Gender varchar(200),
    DOB date,
    PhoneNo long,
    SkillType Varchar (200)
);

INSERT INTO `Employee` (`EmployeeID`, `Name`, `Gender`, `DOB`, `PhoneNo`, `SkillType`) VALUES 
(1019, 'Monserrate', 'Male', '2005-01-07', '1035051233', 'Unskilled'),
(1208, 'Orin', 'Female', '1998-05-14', '3659173895', 'Unskilled'),
(1615, 'Tyra', 'Other', '2019-10-26', '5781517476', 'Unskilled'),
(1816, 'Helena', 'Male', '2014-12-07', '4757839668', 'Unskilled'),
(2228, 'Nash', 'Male', '1996-05-14', '1775598246', 'Skilled'),
(2350, 'Daisha', 'Other', '1999-08-08', '6533750902', 'Skilled'),
(2858, 'Tyler', 'Other', '1981-02-18', '4083487195', 'Unskilled'),
(3484, 'Retha', 'Other', '2007-03-09', '2233030562', 'Skilled'),
(3490, 'Anjali', 'Male', '1998-08-07', '1090524820', 'Skilled'),
(3579, 'Ashtyn', 'Other', '2016-09-23', '2117241691', 'Unskilled'),
(3895, 'Santino', 'Female', '1982-07-04', '8569418430', 'Skilled'),
(3926, 'Garry', 'Male', '2005-05-23', '1405223911', 'Unskilled'),
(4079, 'Virgil', 'Female', '1978-08-15', '9612861700', 'Unskilled'),
(4355, 'Tiana', 'Other', '2004-02-11', '3331831856', 'Unskilled'),
(4456, 'Harold', 'Female', '2014-12-06', '3055496609', 'Skilled'),
(4460, 'Hipolito', 'Male', '2019-10-26', '9013696521', 'Skilled'),
(4479, 'Sabryna', 'Male', '2018-12-23', '6018481067', 'Skilled'),
(4495, 'Hester', 'Other', '2022-11-05', '6072460642', 'Skilled'),
(4549, 'Muhammad', 'Other', '1992-04-28', '2487241818', 'Skilled'),
(4586, 'Eden', 'Female', '1972-08-12', '9483993622', 'Skilled'),
(4816, 'Willard', 'Other', '1983-12-07', '2038295111', 'Skilled'),
(4842, 'Cecil', 'Male', '2013-08-19', '5088370370', 'Unskilled'),
(5206, 'Cristina', 'Female', '1974-12-11', '3349448186', 'Unskilled'),
(5284, 'Corine', 'Female', '2006-07-02', '3901520020', 'Skilled'),
(5424, 'Ayden', 'Male', '2013-03-02', '9761841736', 'Skilled'),
(5506, 'Conor', 'Other', '2010-01-22', '7260415452', 'Unskilled'),
(6291, 'Frankie', 'Female', '1986-04-07', '5802713392', 'Skilled'),
(6308, 'Jordyn', 'Female', '2015-11-18', '4363417223', 'Skilled'),
(6651, 'Erica', 'Female', '1987-06-25', '5733690385', 'Skilled'),
(6937, 'Abner', 'Male', '1993-01-06', '3715132980', 'Skilled'),
(7136, 'Lyda', 'Female', '1998-09-04', '1016552420', 'Unskilled'),
(7207, 'Chanelle', 'Other', '2023-05-13', '6001226292', 'Skilled'),
(7229, 'Hanna', 'Other', '1991-01-13', '5234564174', 'Unskilled'),
(7251, 'Albert', 'Male', '2008-02-02', '2356685732', 'Skilled'),
(7274, 'Agustin', 'Female', '1991-03-13', '6394132167', 'Unskilled'),
(7626, 'Madelyn', 'Female', '1994-07-26', '9259484406', 'Unskilled'),
(7720, 'Imelda', 'Other', '1997-11-26', '4373987514', 'Unskilled'),
(7887, 'Kurt', 'Female', '2011-12-15', '5445120276', 'Skilled'),
(7987, 'Addison', 'Male', '1974-12-19', '2937484129', 'Skilled'),
(8035, 'Allen', 'Other', '1992-08-25', '1969551248', 'Unskilled'),
(8061, 'Torey', 'Other', '1986-10-17', '4998772678', 'Skilled'),
(8507, 'Antonette', 'Male', '1976-08-25', '6667175234', 'Unskilled'),
(8831, 'Phoebe', 'Male', '2012-06-10', '9470093400', 'Unskilled'),
(9223, 'Jay', 'Male', '1977-02-06', '8927924683', 'Unskilled'),
(9245, 'Alexandrea', 'Female', '2010-02-06', '5136672599', 'Skilled'),
(9409, 'Dorian', 'Female', '1993-03-28', '6804301806', 'Unskilled'),
(9571, 'Ila', 'Female', '2000-07-29', '6683967835', 'Skilled'),
(9659, 'Wilhelm', 'Female', '2005-07-23', '5007432452', 'Unskilled'),
(9876, 'Dewitt', 'Female', '1975-04-15', '1313584197', 'Skilled'),
(9929, 'Jackie', 'Male', '2019-11-24', '5960500439', 'Unskilled');


Create table Insurance(
	InsuranceID int primary key,
    Start date,
    End date,
    Premium DECIMAL(10, 2)
);

INSERT INTO `Insurance` (`InsuranceID`, `Start`, `End`, `Premium`) VALUES 
(55, '2022-08-25', '2026-09-02', '9282.55'),
(56, '2020-04-07', '2026-11-01', '7180.56'),
(64, '2022-08-06', '2026-05-03', '5352.12'),
(67, '2024-10-10', '2025-09-06', '20057678.75'),
(69, '2022-07-14', '2025-09-03', '4627.85'),
(72, '2023-04-15', '2026-08-27', '3709.14'),
(73, '2022-11-01', '2026-01-30', '17839.21'),
(74, '2021-06-05', '2025-07-09', '85444.28'),
(75, '2022-04-05', '2026-06-22', '6452762.97'),
(76, '2022-03-11', '2026-11-01', '9471.04'),
(77, '2023-06-17', '2025-10-23', '6886.60'),
(81, '2023-06-01', '2026-05-27', '7358.79'),
(84, '2023-10-20', '2025-12-21', '32565.77'),
(90, '2023-01-30', '2026-04-29', '2053.74'),
(91, '2022-11-13', '2026-08-05', '8150.82'),
(92, '2023-04-28', '2026-07-16', '419946.42'),
(95, '2023-02-09', '2025-06-26', '136747.02'),
(97, '2022-04-05', '2026-08-19', '7195.47'),
(98, '2023-03-29', '2026-10-19', '26166.74'),
(99, '2024-04-27', '2026-11-01', '6252.48');


Create table Product(
	ProductID varchar(20) primary key,
    UnitPrice DECIMAL(10, 2),
    Name varchar(200),
    Type varchar(200)
);

INSERT INTO `Product` (`ProductID`, `UnitPrice`, `Name`, `Type`) VALUES 
('101-3mm', '250.00', '3mm - Aggregate', 'Aggregate'),
('201-120mm', '380.00', '20mm - Aggregate', 'Aggregate'),
('301-40mm', '570.00', '40mm - Aggregate', 'Aggregate'),
('302-40mm', '550.00', '40mm - Aggregate', 'Aggregate'),
('401-70mm', '120.00', '70mm - Aggregate', 'Aggregate'),
('501-100mm', '180.00', '100mm - Aggregate', 'Aggregate'),
('503-100mm', '200.00', '100mm - Aggregate', 'Aggregate'),
('601-Powder', '510.00', 'Powder', 'Slury'),
('701-Msand', '880.00', 'Msand', 'Sand'),
('708-Msand', '790.00', 'Msand', 'Sand'),
('801-Psand', '990.00', 'Psand', 'Sand'),
('901-Sluge', '180.00', 'Sluge', 'Surly'),
('905-Sluge', '210.00', 'Sluge', 'Surly');


Create table Warehouse(
	WarehouseID varchar(200),
	Capacity int,
	CurrentStock int,
	Location varchar(200),
	Warehouse_productID varchar(200),
	Foreign key (Warehouse_productID) references Product(ProductID)
);

INSERT INTO `Warehouse` (`WarehouseID`, `Capacity`, `CurrentStock`, `Location`, `Warehouse_productID`) VALUES 
('17 pv', 37383, 6794, '4307 Elinore Lodge Apt. 932\nPort Curtis, MD 29820-2367', '101-3mm'),
('22 iq', 97299, 2961, '668 Weimann Glens Suite 772\nSouth Elfriedashire, ME 41444', '201-120mm'),
('44 jt', 95402, 5941, '76928 Nader Plaza Apt. 254\nRyleighhaven, NY 78298', '301-40mm'),
('99 pz', 79192, 8274, '73613 Adams Wall Suite 797\nPort Hayleeland, OH 14084-7445', '302-40mm'),
('75 ht', 98387, 9330, '274 Dallas Light Apt. 174\nEast Kennedi, NM 04127', '401-70mm'),
('71 ci', 48097, 4866, '8319 Mable Ford\nJadaborough, MN 98244', '501-100mm'),
('14 vs', 57409, 3767, '6225 Kuphal Walk\nWest Maximillia, MS 20312', '503-100mm'),
('64 zv', 15403, 3048, '6441 Brandyn Trafficway\nLizaland, KS 32387-1561', '601-Powder'),
('81 ik', 45541, 9309, '8998 Destin Dale\nHailieville, IL 15791', '701-Msand'),
('47 iz', 33937, 9892, '57100 Ervin Pike\nPort Mollyville, MI 81246', '708-Msand'),
('29 cg', 71039, 7523, '489 Bernhard Village\nAdalinefurt, VT 59571', '801-Psand'),
('68 go', 88181, 2174, '044 Walker Roads\nSouth Jaiden, CO 60213', '901-Sluge'),
('31 ru', 20427, 3231, '206 Stark Landing\nNew Ignatiusland, ME 67668-9581', '905-Sluge'),
('08 jj', 34904, 4631, '74385 Hickle Fort Apt. 307\nBrandynfurt, TN 60952', '101-3mm'),
('20 tx', 95718, 6680, '4163 Treutel Ridge Apt. 444\nKatelynnhaven, AK 69022-4966', '201-120mm'),
('33 rf', 69199, 5811, '0917 Simonis Circle Suite 880\nKellenfort, VA 05947', '301-40mm'),
('51 bd', 48952, 3872, '08535 Torp Knoll Apt. 890\nEnochton, SD 50570', '302-40mm'),
('85 jc', 58697, 3668, '238 Dorian Expressway\nStaceychester, NH 33773-4844', '401-70mm'),
('54 wi', 57330, 5562, '886 Reva Points Apt. 041\nDuBuquemouth, CO 87735-9947', '501-100mm'),
('23 bs', 60066, 6734, '37753 Laurel Manor Suite 690\nEast Betsy, KY 78164-0469', '503-100mm');

Create table Inventory(
	InventoryId varchar(200) primary key,
	Address varchar(200),
	Type varchar(200),
	LastUpdated date
);

INSERT INTO `Inventory` (`InventoryId`, `Address`, `Type`, `LastUpdated`) VALUES 
('15 io', '9324 Johnston Divide', 'Rental', '2019-12-02'),
('18 dl', '0864 Braeden Branch Apt. 055', 'Rental', '2024-08-12'),
('18 fq', '04449 Gerhold Drive', 'Leased', '2020-01-08'),
('22 qi', '06485 Iva Village', 'Leased', '2023-05-27'),
('29 eq', '7047 Nolan Village', 'Owned', '2020-04-16'),
('37 cm', '914 Shanahan Station', 'Leased', '2020-11-19'),
('37 mv', '3418 Haag Street', 'Leased', '2023-11-07'),
('38 wo', '1491 Bobbie Island Apt. 724', 'Owned', '2023-10-19'),
('39 wi', '5753 Koch Courts Suite 911', 'Rental', '2022-05-12'),
('41 ft', '67396 Nettie Knolls Apt. 701', 'Owned', '2021-06-01'),
('50 zs', '17262 Paucek Isle Apt. 182', 'Leased', '2023-03-11'),
('55 ye', '7743 Catharine Road', 'Rental', '2022-02-25'),
('56 wb', '162 Dalton Square Suite 427', 'Rental', '2023-11-28'),
('58 rt', '57194 Jakubowski Mount Apt. 623', 'Leased', '2023-08-09'),
('72 vh', '424 Gerhold Flats', 'Leased', '2020-07-22'),
('90 gi', '6491 Zieme Walks', 'Rental', '2020-12-31'),
('92 ja', '1695 Lebsack Island', 'Owned', '2024-03-29'),
('95 gn', '2243 Mikel Pines Apt. 687', 'Rental', '2020-04-26'),
('97 wu', '8351 Ebert Vista Suite 174', 'Leased', '2024-10-08'),
('99 oh', '4880 Magnolia Flat', 'Owned', '2022-06-05');


Create table Spares(
	SpareID int primary key,
	SpareName varchar(200),
	Type varchar(200),
	Stock int,
	Cost decimal(10, 2),
	InventoryId varchar(200),
	Foreign key (InventoryId) references Inventory(InventoryId)
);

INSERT INTO `Spares` (`SpareID`, `SpareName`, `Type`, `Stock`, `Cost`, `InventoryId`) VALUES 
(1004, 'Feed cones', 'Fixed', 93, '8706.14', '58 rt'),
(1175, 'Trail plates', 'Moving', 1, '9112.86', '72 vh'),
(1260, 'Rotor tip sets ', 'Fixed', 58, '6050.48', '37 cm'),
(2157, 'Taper locks', 'Moving', 71, '9791.15', '39 wi'),
(2440, 'Bowl liners', 'Fixed', 51, '7060.96', '22 qi'),
(2766, 'Jaw plates', 'Dynamic', 8, '7993.99', '50 zs'),
(2864, 'Feed cones', 'Fixed', 9, '2654.60', '92 ja'),
(3062, 'Protection cones', 'Moving', 26, '9042.94', '37 mv'),
(3066, 'Liners ', 'Dynamic', 10, '3012.09', '58 rt'),
(3111, 'Jaw plates', 'Fixed', 39, '1610.39', '22 qi'),
(3343, 'Feed cones', 'Moving', 91, '6449.50', '90 gi'),
(3560, 'Jaw plates', 'Moving', 75, '4401.74', '39 wi'),
(3802, 'Protection cones', 'Fixed', 51, '4476.28', '55 ye'),
(3960, 'Eccentric shaft', 'Moving', 39, '5172.13', '92 ja'),
(4136, 'Taper locks', 'Dynamic', 26, '643.19', '97 wu'),
(4147, 'Eccentric shaft', 'Fixed', 66, '2751.02', '15 io'),
(4209, 'Cavity wear plates', 'Fixed', 88, '7336.83', '38 wo'),
(4273, 'Taper locks', 'Fixed', 35, '5498.22', '97 wu'),
(4583, 'Mantles', 'Dynamic', 94, '4149.18', '55 ye'),
(4675, 'Cone mantle', 'Fixed', 70, '1070.09', '39 wi'),
(5071, 'Feed cones', 'Moving', 100, '254.27', '99 oh'),
(5073, 'Jaw plates', 'Fixed', 48, '2122.12', '18 fq'),
(5362, 'Bowl liners', 'Dynamic', 77, '7165.46', '18 fq'),
(5454, 'Trail plates', 'Fixed', 93, '1832.04', '37 cm'),
(5643, 'Cavity wear plates', 'Moving', 73, '1945.17', '15 io'),
(6094, 'Eccentric shaft', 'Fixed', 24, '2361.81', '72 vh'),
(6268, 'Cone mantle', 'Moving', 88, '6860.18', '37 cm'),
(6411, 'Trail plates', 'Moving', 41, '8629.31', '56 wb'),
(6848, 'Bowl liners', 'Moving', 62, '5387.90', '22 qi'),
(6989, 'Rotor tip sets ', 'Moving', 63, '1383.31', '90 gi'),
(7158, 'Cavity wear plates', 'Fixed', 87, '690.31', '99 oh'),
(7202, 'Jaw plates', 'Fixed', 72, '2003.31', '56 wb'),
(7286, 'Trail plates', 'Fixed', 49, '9163.90', '41 ft'),
(7367, 'Feed cones', 'Moving', 25, '1169.77', '18 dl'),
(7600, 'Protection cones', 'Dynamic', 34, '105.81', '41 ft'),
(7758, 'Jaw plates', 'Moving', 4, '472.00', '29 eq'),
(7856, 'Wedges', 'Moving', 37, '5034.10', '41 ft'),
(7907, 'Cone mantle', 'Dynamic', 39, '8062.09', '15 io'),
(8254, 'Taper locks', 'Fixed', 10, '4915.20', '50 zs'),
(8803, 'Rotor tip sets ', 'Fixed', 55, '5798.25', '29 eq'),
(8842, 'Jaw plates', 'Fixed', 83, '7800.53', '18 dl'),
(8861, 'Rotor bosses', 'Fixed', 2, '6277.00', '38 wo'),
(9247, 'Jaw plates', 'Fixed', 84, '1002.37', '18 fq'),
(9443, 'Eccentric shaft', 'Dynamic', 53, '6704.24', '37 mv'),
(9609, 'Bowl liners', 'Fixed', 83, '146.53', '95 gn'),
(9687, 'Liners ', 'Moving', 24, '757.52', '37 mv'),
(9834, 'Rotor bosses', 'Fixed', 11, '8235.00', '18 dl'),
(9860, 'Liners ', 'Moving', 51, '6041.84', '38 wo'),
(9964, 'Trail plates', 'Fixed', 90, '982.53', '29 eq'),
(9982, 'Protection cones', 'Moving', 83, '3161.10', '95 gn');


Create table Customer(
	CustomerId int primary key,
    Address varchar(200),
    Name varchar(200),
    PhnNo long,
    TotalDue int
);

INSERT INTO `Customer` (`CustomerId`, `Address`, `Name`, `PhnNo`, `TotalDue`) VALUES 
(11645, '42769 Itzel Terrace Suite 930\nNorth Sandrinefort, KY 76753', 'Rose', '943150268', 30471),
(13389, '86135 Jody Ridge Apt. 005\nKerlukestad, AK 09461-5034', 'Cyril', '949535173', 60976),
(14802, '17002 Doyle River Suite 945\nIrmashire, DC 45945', 'Monserrate', '593677539', 70104),
(15509, '210 Laila Hill\nBirdieland, AZ 25551-5423', 'Bill', '718427792', 97870),
(23868, '72224 Kaitlin Dale\nEast Judah, ME 94504-3140', 'Cody', '561977076', 80738),
(28508, '1408 Darren Courts\nNorth Ephraim, IA 94982', 'Quinten', '395564820', 69750),
(28732, '02196 Mayert Light Apt. 415\nIsobelborough, LA 33597-3228', 'Hobart', '259961106', 16417),
(30169, '03444 Roob Shore Suite 224\nEast Orlando, NY 49666-2729', 'Marcella', '121160060', 2015),
(33931, '8654 Witting Trace Suite 296\nLake Lula, NV 71534-4428', 'Maxie', '854352322', 43488),
(36468, '0341 Franecki Springs\nNorth Chase, IL 43154-0418', 'Ellsworth', '459039809', 78236),
(37684, '0617 Friesen Manor Suite 627\nWest Manley, MN 03832-7469', 'Douglas', '619875472', 24944),
(38759, '7977 Aufderhar Well\nWest Trishahaven, TX 21499', 'Jermain', '935263778', 32829),
(39864, '21607 Bogan Squares\nWest Marguerite, MA 29643-8910', 'Ana', '420136554', 70442),
(40036, '6975 Heller Spur\nTremblayport, FL 54426-3432', 'Madge', '650662632', 31861),
(42507, '795 Sipes Wells\nMurphyview, WA 46599-1065', 'Margaret', '393522939', 53623),
(43849, '2484 Brakus Harbors\nClaireside, HI 17864-3057', 'Ivory', '210847299', 34346),
(44107, '7718 Helen Islands\nNew Colt, CA 20634-0028', 'Doris', '428826055', 73665),
(44904, '33877 Yolanda Mountain Suite 149\nLake Isaiahburgh, ID 06935', 'Marie', '222695705', 8335),
(47815, '7485 Schiller Camp\nLake Felix, FL 56547', 'Delphia', '488467744', 22241),
(48683, '3597 Maxwell Plains\nNew Francisport, MO 97965-0545', 'Solon', '952178744', 21465),
(49187, '0953 Justen Trail Suite 471\nKatharinafort, AK 03209-5955', 'Federico', '383353626', 88185),
(49825, '263 Layla Ranch\nSheilaborough, TN 77066', 'Rachel', '171869542', 98868),
(49940, '00345 Mercedes Turnpike\nHintzview, NH 20754-5106', 'Chanelle', '638126233', 58527),
(50080, '012 Bauch Field\nDanielafurt, ID 53141', 'Kailee', '379327555', 76484),
(50404, '68785 Roob Isle\nChetberg, NE 15715-3808', 'Emma', '499284390', 59547),
(51770, '3142 Elian Common Suite 894\nVidatown, OK 52345', 'Hal', '507410921', 16210),
(52687, '1230 Pfeffer Court Suite 599\nLednerbury, OR 93150', 'Ernie', '406712251', 58015),
(54755, '91572 Keebler Trail\nCummingsport, LA 29057', 'Alva', '365391009', 55349),
(60868, '1667 Kitty Parkway\nLarsonhaven, AK 02431-5933', 'Asha', '238495048', 89029),
(63108, '074 Camilla Brook Suite 016\nWest Terrancefort, WI 12398-1405', 'Elena', '710790534', 78201),
(65839, '324 Hirthe Drive Suite 966\nBlockside, AL 38862', 'Timmothy', '629412553', 75539),
(67717, '68596 Rosendo Roads Suite 029\nChadricktown, PA 59829-4177', 'Jovan', '256428235', 64768),
(68379, '055 Breitenberg Circle\nPricehaven, MI 75797-8427', 'Velva', '312181352', 539),
(75496, '430 Brionna Extension Suite 901\nJaskolskitown, OR 01314', 'Gerda', '491115185', 27679),
(77057, '0513 Brown Lodge Suite 500\nMcCulloughstad, MT 48689-2272', 'Meggie', '552998349', 32710),
(78847, '5354 Kianna Vista\nEast Rubiehaven, OK 21119', 'Delfina', '333197415', 31747),
(80524, '05102 Borer Expressway Suite 664\nSouth Maddisonview, NE 03054-8612', 'Devin', '102744046', 46574),
(80567, '235 Lowe View\nEast Joshuahchester, MA 39752-7445', 'Cristian', '153770800', 30371),
(82134, '002 Efren Brook Suite 549\nLake Celestinechester, NE 79075-5193', 'Dorothea', '122685789', 53421),
(84598, '4785 Dereck Tunnel\nSouth Eldred, CT 12569-1209', 'Sally', '547147342', 89500),
(85241, '21783 Weimann Meadows\nWilfredoburgh, TN 49000', 'Alfred', '828696807', 57334),
(85516, '17420 Constance Run\nPort Catalina, TX 79560-7594', 'June', '581188045', 64938),
(88571, '2024 Feil Plains Suite 934\nPort Brett, VT 67066', 'Asha', '471332376', 85849),
(89447, '63304 Mueller Views Apt. 646\nLolamouth, SC 52773-0046', 'Tia', '576696687', 25095),
(89507, '1864 Liana River Apt. 465\nWest Mckenna, NJ 61753-6820', 'Maryse', '250501548', 17341),
(90420, '526 Larson Pine Suite 377\nMargaretchester, IL 59540-7578', 'Jordane', '569874201', 26756),
(90907, '240 Borer Light\nNew Shannamouth, KS 49624-7541', 'Alysha', '401006901', 3743),
(92040, '8495 Beahan Manor\nPort Koleport, MA 98425', 'Candelario', '604084554', 97128),
(93079, '3935 Carole Summit Suite 228\nWizafort, SC 24338-0221', 'Alexanne', '851307271', 37156),
(93877, '14910 Vandervort Common Suite 132\nJanelleville, MT 04411-9815', 'Russell', '414951332', 14090);


Create table Vehicle(
	VehicleID int primary key,
	Type varchar (200),
    PurchaseDate date,
    InsuranceID int,
    Employee_Incharge int,
    Foreign key (Employee_Incharge) references Employee(EmployeeID),
    Foreign key (InsuranceID) references Insurance(InsuranceID)
);

INSERT INTO `Vehicle` (`VehicleID`, `Type`, `PurchaseDate`, `InsuranceID`, `Employee_Incharge`) VALUES 
(11, 'Hydraulic mining shovels', '2024-07-04', 72, 4842),
(16, 'Wheel loaders', '2022-05-14', 76, 4079),
(26, 'Wheel loaders', '2022-06-18', 56, 8831),
(31, 'Hydraulic mining shovels', '2024-10-14', 99, 1208),
(39, 'Dump trucks', '2022-09-24', 74, 7207),
(40, 'Wheel loaders', '2024-03-21', 84, 7207),
(52, 'Wheel loaders', '2024-06-11', 69, 5424),
(53, 'Draglines', '2023-08-25', 90, 1816),
(56, 'Wheel loaders', '2021-07-09', 95, 5506),
(57, 'Draglines', '2020-05-07', 75, 6651),
(58, 'Hydraulic mining shovels', '2024-06-15', 64, 7229),
(61, 'Excavators', '2020-06-12', 81, 2228),
(62, 'Dump trucks', '2020-04-26', 98, 1816),
(66, 'Wheel loaders', '2023-01-18', 92, 1615),
(67, 'Excavators', '2022-09-01', 67, 3490),
(72, 'Hydraulic mining shovels', '2023-04-11', 91, 7887),
(76, 'Excavators', '2020-06-19', 69, 8061),
(77, 'Excavators', '2021-02-25', 67, 5506),
(78, 'Bulldozers', '2021-04-09', 55, 7136),
(79, 'Hydraulic mining shovels', '2024-03-06', 56, 1816),
(81, 'Bulldozers', '2023-06-13', 77, 3926),
(83, 'Excavators', '2022-02-27', 64, 7251),
(92, 'Draglines', '2022-02-22', 97, 4460),
(95, 'Hydraulic mining shovels', '2022-07-20', 73, 4586),
(98, 'Wheel loaders', '2021-08-04', 55, 2228);


Create table Delivery(
	DeliveryId int primary key,
    ProductID varchar(20),
    Foreign key (ProductID) references Product(ProductID),
    CustomerId int,
    Foreign key (CustomerId) references Customer(CustomerId),
    Quantity  int
);

INSERT INTO `Delivery` (`DeliveryId`, `ProductID`, `CustomerId`, `Quantity`) VALUES
(107, '302-40mm', 63108, 4),
(117, '301-40mm', 60868, 1),
(141, '708-Msand', 38759, 1),
(143, '101-3mm', 14802, 5),
(184, '905-Sluge', 42507, 4),
(194, '201-120mm', 54755, 3),
(228, '601-Powder', 90907, 2),
(234, '708-Msand', 78847, 5),
(244, '801-Psand', 37684, 3),
(262, '101-3mm', 40036, 1),
(280, '501-100mm', 89507, 1),
(299, '601-Powder', 36468, 1),
(306, '708-Msand', 49940, 5),
(307, '601-Powder', 49187, 4),
(310, '901-Sluge', 11645, 2),
(315, '801-Psand', 39864, 1),
(335, '201-120mm', 15509, 3),
(338, '301-40mm', 14802, 2),
(344, '301-40mm', 85516, 2),
(347, '905-Sluge', 82134, 3),
(379, '503-100mm', 90420, 4),
(407, '401-70mm', 48683, 5),
(423, '501-100mm', 67717, 4),
(466, '701-Msand', 92040, 2),
(476, '601-Powder', 30169, 1),
(487, '503-100mm', 33931, 4),
(518, '401-70mm', 89447, 2),
(541, '302-40mm', 15509, 1),
(548, '401-70mm', 23868, 4),
(556, '901-Sluge', 50404, 5),
(579, '401-70mm', 65839, 5),
(584, '301-40mm', 44904, 2),
(616, '801-Psand', 50080, 4),
(643, '701-Msand', 33931, 2),
(648, '101-3mm', 84598, 2),
(651, '401-70mm', 28732, 1),
(683, '905-Sluge', 51770, 3),
(688, '401-70mm', 44904, 3),
(695, '302-40mm', 47815, 4),
(698, '101-3mm', 43849, 2),
(714, '601-Powder', 75496, 5),
(718, '701-Msand', 49825, 4),
(725, '905-Sluge', 13389, 4),
(734, '201-120mm', 13389, 1),
(739, '302-40mm', 28508, 1),
(751, '101-3mm', 52687, 3),
(758, '501-100mm', 30169, 2),
(764, '201-120mm', 44107, 2),
(765, '708-Msand', 93079, 1),
(781, '201-120mm', 85241, 1),
(800, '503-100mm', 68379, 1),
(801, '201-120mm', 42507, 4),
(806, '708-Msand', 36468, 4),
(820, '301-40mm', 43849, 1),
(828, '901-Sluge', 38759, 1),
(830, '905-Sluge', 39864, 5),
(852, '901-Sluge', 40036, 2),
(857, '801-Psand', 80524, 5),
(873, '701-Msand', 37684, 3),
(879, '501-100mm', 28508, 4),
(890, '301-40mm', 23868, 1),
(893, '302-40mm', 44107, 1),
(911, '503-100mm', 28732, 1),
(955, '501-100mm', 47815, 2),
(956, '101-3mm', 11645, 3),
(957, '801-Psand', 93877, 4),
(979, '901-Sluge', 80567, 3),
(980, '302-40mm', 88571, 1),
(987, '701-Msand', 77057, 3),
(997, '503-100mm', 48683, 2);


Create table PurchaseOrder (
	OrderID int primary key,
    OrddeDate date,
    OrderInventoryId varchar(200),
	Foreign key (OrderInventoryId) references Inventory(InventoryId),
    SpareID int,
    Foreign key (SpareID) references Spares(SpareID),
    Quantity int
);

INSERT INTO `PurchaseOrder` (`OrderID`, `OrddeDate`, `OrderInventoryId`, `SpareID`, `Quantity`) VALUES 
(108, '2024-03-29', '37 mv', 6268, 40),
(112, '2023-12-11', '37 mv', 2864, 41),
(130, '2024-03-24', '15 io', 8842, 45),
(140, '2024-01-26', '18 dl', 8861, 31),
(164, '2024-09-14', '37 cm', 2766, 29),
(183, '2024-05-01', '39 wi', 3066, 47),
(211, '2024-06-09', '50 zs', 3343, 14),
(223, '2023-12-28', '90 gi', 2766, 23),
(261, '2024-10-24', '29 eq', 2440, 4),
(315, '2024-11-06', '99 oh', 8803, 29),
(339, '2024-06-30', '37 cm', 9687, 14),
(364, '2023-12-17', '38 wo', 6411, 35),
(395, '2023-12-14', '72 vh', 2440, 34),
(397, '2024-07-26', '15 io', 1004, 17),
(404, '2024-09-02', '90 gi', 4147, 3),
(443, '2024-01-25', '92 ja', 7856, 32),
(485, '2023-12-08', '38 wo', 3062, 24),
(506, '2024-09-30', '58 rt', 2157, 2),
(520, '2024-08-02', '92 ja', 4209, 47),
(524, '2024-09-23', '18 fq', 1260, 5),
(527, '2024-10-02', '99 oh', 4675, 8),
(528, '2024-09-12', '37 mv', 9834, 29),
(538, '2024-09-26', '95 gn', 3062, 35),
(544, '2024-04-09', '29 eq', 9609, 22),
(546, '2024-08-08', '18 fq', 5362, 12),
(565, '2024-02-29', '90 gi', 7758, 15),
(576, '2024-10-17', '55 ye', 1175, 49),
(582, '2024-05-30', '38 wo', 9860, 50),
(597, '2024-02-24', '39 wi', 9964, 19),
(599, '2024-09-28', '97 wu', 4583, 17),
(610, '2024-08-31', '39 wi', 6848, 24),
(611, '2024-04-26', '41 ft', 9982, 36),
(615, '2024-10-26', '50 zs', 1004, 7),
(625, '2024-08-19', '58 rt', 7367, 36),
(635, '2024-04-20', '99 oh', 3111, 45),
(638, '2024-06-30', '18 dl', 5073, 21),
(666, '2023-12-19', '18 dl', 1175, 14),
(682, '2024-05-04', '37 cm', 6094, 39),
(722, '2024-07-26', '56 wb', 7286, 42),
(745, '2024-08-18', '56 wb', 1260, 5),
(750, '2023-11-17', '92 ja', 2864, 38),
(754, '2024-02-18', '97 wu', 3066, 9),
(764, '2024-10-03', '95 gn', 4273, 35),
(781, '2024-02-25', '41 ft', 3111, 25),
(798, '2024-06-25', '97 wu', 8254, 29),
(813, '2023-12-28', '58 rt', 3960, 29),
(818, '2024-06-15', '72 vh', 7600, 12),
(826, '2023-12-12', '95 gn', 7907, 17),
(848, '2024-05-25', '55 ye', 7202, 8),
(865, '2024-02-27', '72 vh', 4136, 1),
(873, '2024-09-17', '41 ft', 6989, 20),
(877, '2024-02-06', '22 qi', 5454, 20),
(901, '2024-04-17', '22 qi', 9443, 5),
(907, '2024-07-08', '15 io', 5071, 33),
(913, '2024-05-30', '50 zs', 7158, 28),
(915, '2024-03-25', '55 ye', 3560, 31),
(917, '2024-03-31', '29 eq', 5643, 7),
(951, '2024-06-24', '56 wb', 3802, 7),
(954, '2024-04-19', '22 qi', 2157, 26),
(976, '2024-01-29', '18 fq', 9247, 44);


Create table Machinery(
	MachineryID int primary key,
	Type varchar (200),
    PurchaseDate date,
    InsuranceID int,
    Employee_Incharge int,
    Foreign key (Employee_Incharge) references Employee(EmployeeID),
    Foreign key (InsuranceID) references Insurance(InsuranceID)
);

INSERT INTO `Machinery` (`MachineryID`, `Type`, `PurchaseDate`, `InsuranceID`, `Employee_Incharge`) VALUES 
(10, 'Vibro', '2020-08-03', 92, 9929),
(11, 'Cone Crusher', '2023-10-21', 73, 4479),
(12, 'Impact crushers', '2023-03-26', 81, 6651),
(28, 'Vibro', '2024-02-11', 98, 4479),
(31, 'VSI crushers', '2020-08-07', 72, 9659),
(34, 'VSI crushers', '2023-08-30', 75, 6308),
(41, 'Impact crushers', '2024-09-11', 67, 9223),
(42, 'Classifier', '2024-08-09', 74, 6291),
(48, 'VSI crushers', '2023-02-17', 95, 3484),
(52, 'Impact crushers', '2022-06-14', 91, 9929),
(55, 'Classifier', '2020-03-10', 99, 1208),
(61, 'Classifier', '2020-12-28', 77, 7229),
(62, 'Cone Crusher', '2024-10-24', 64, 7207),
(66, 'VSI crushers', '2021-03-15', 84, 8507),
(67, 'Jaw crushers', '2022-12-01', 76, 3484),
(68, 'Impact crushers', '2021-02-13', 90, 9571),
(70, 'Jaw crushers', '2023-12-25', 69, 9876),
(83, 'Washer', '2023-07-16', 55, 4816),
(87, 'Impact crushers', '2021-04-16', 97, 4479),
(89, 'Washer', '2022-09-24', 56, 5506);


Create table EmployeeVehicle (
    EmployeeId int,
    VehicleId int,
    Primary key (EmployeeId, VehicleId),
    Foreign key (EmployeeId) references Employee(EmployeeId),
    Foreign key (VehicleId) references Vehicle(VehicleId)
);

INSERT INTO `EmployeeVehicle` (`EmployeeId`, `VehicleId`) VALUES 
(1019, 11),
(1208, 16),
(1615, 26),
(1816, 31),
(2228, 39),
(2350, 40),
(2858, 52),
(3484, 53),
(3490, 56),
(3579, 57),
(3895, 58),
(3926, 61),
(4079, 62),
(4355, 66),
(4456, 67),
(4460, 72),
(4479, 76),
(4495, 77),
(4549, 78),
(4586, 79);


CREATE TABLE Maintenance (
    MaintenanceID int primary key,
    NextMaintenance date,
    Type varchar(200),
    Employee_Incharge int,
    MachineryID int null,
    VehicleID int null,
    Foreign key (Employee_Incharge) references Employee(EmployeeID),
    Foreign key (MachineryID) references Machinery(MachineryID),
    Foreign key (VehicleID) references Vehicle(VehicleID)
);

INSERT INTO `Maintenance` (`MaintenanceID`, `NextMaintenance`, `Type`, `Employee_Incharge`, `MachineryID`, `VehicleID`) VALUES 
(101, '2025-08-22', 'Corrective', 6651, 55, Null),
(105, '2025-03-25', 'Planned', 6651, 41, Null),
(108, '2025-04-26', 'Corrective', 5206, Null, 26),
(116, '2025-10-05', 'Corrective', 9223, 28, Null),
(118, '2025-10-09', 'Planned', 6651, Null, 11),
(119, '2025-05-10', 'Breakdown', 5424, Null, 67),
(120, '2025-06-03', 'Breakdown', 6308, 55, Null),
(121, '2025-05-21', 'Breakdown', 7626, Null, 76),
(122, '2024-12-02', 'Corrective', 4479, 70, Null),
(124, '2025-06-11', 'Corrective', 3579, Null, 31),
(128, '2025-08-26', 'Corrective', 3484, Null, 83),
(132, '2024-12-09', 'Planned', 4479, 55, Null),
(135, '2025-01-15', 'Breakdown', 3484, Null, 98),
(137, '2025-02-28', 'Breakdown', 9245, 48, Null),
(138, '2025-01-08', 'Planned', 4355, Null, 62),
(139, '2025-02-01', 'Planned', 7626, Null, 58),
(140, '2025-11-10', 'Planned', 9571, Null, 16),
(142, '2025-07-04', 'Breakdown', 6937, 68, Null),
(147, '2025-01-12', 'Breakdown', 7626, Null, 16),
(149, '2025-05-29', 'Corrective', 9659, 48, Null),
(163, '2025-02-10', 'Planned', 9876, Null, 79),
(170, '2025-10-07', 'Planned', 2350, 61, Null),
(171, '2024-12-21', 'Breakdown', 7274, Null, 39),
(173, '2024-12-18', 'Planned', 7136, Null, 26),
(180, '2024-12-31', 'Corrective', 5284, 66, Null),
(186, '2025-10-27', 'Breakdown', 6651, 11, Null),
(190, '2024-11-23', 'Corrective', 9876, Null, 92),
(193, '2025-07-29', 'Corrective', 3490, 55, Null),
(195, '2025-07-31', 'Planned', 1615, 12, Null),
(196, '2025-07-06', 'Breakdown', 9245, Null, 56);